category,total,matched,match_rate,avg_similarity,table_items,table_matched,table_match_rate
동의 취득,2,0,0.0,0.0,0,0,0.0
선정기준,5,3,60.0,1.0,0,0,0.0
제외기준,5,3,60.0,1.0,0,0,0.0
연구대상자 평가,1,1,100.0,1.0,0,0,0.0
인구학적특성,11,9,81.81818181818183,1.0,0,0,0.0
질병력,63,28,44.44444444444444,0.979564553093965,33,27,81.81818181818183
병력,11,5,45.45454545454545,0.9229473684210525,5,0,0.0
가족력,23,7,30.434782608695656,0.9973045822102425,4,2,50.0
우울증 선별도구,10,0,0.0,0.0,9,0,0.0
