category,total,matched,match_rate,avg_similarity,table_items,table_matched,table_match_rate
미분류,19,19,100.0,0.8251127935099516,7,7,100.0
가족력,1,1,100.0,0.8230140845070424,1,1,100.0
인구학적특성,1,1,100.0,0.9339999999999999,0,0,0.0
질병력,1,1,100.0,0.9235,1,1,100.0
