category,total,matched,match_rate,avg_similarity,table_items,table_matched,table_match_rate
동의 취득,2,0,0.0,0.0,0,0,0.0
선정기준,5,3,60.0,1.0,0,0,0.0
제외기준,5,3,60.0,1.0,0,0,0.0
평가,1,0,0.0,0.0,0,0,0.0
인구학적특성,12,9,75.0,1.0,0,0,0.0
질병력,101,55,54.45544554455446,0.9788797061524334,94,53,56.38297872340425
가족력,27,19,70.37037037037037,0.9533437554281745,16,12,75.0
우울증 평가,10,10,100.0,0.9857142857142858,9,9,100.0
